{"cameraMode":{"drawMode":0,"name":"Shaded","section":"Shading Mode"},"sceneLighting":true,"audioPlay":false,"sceneViewState":{"m_AlwaysRefresh":true,"showFog":true,"showSkybox":false,"showFlares":true,"showImageEffects":true,"showParticleSystems":true,"showVisualEffectGraphs":true,"m_FxEnabled":true},"in2DMode":false,"pivot":{"x":-0.6209288835525513,"y":0.049174964427948,"z":-0.0473935604095459},"rotation":{"x":-0.059469543397426608,"y":0.8915181756019592,"z":-0.12273486703634262,"w":-0.4319714903831482},"size":1.9612984657287598,"orthographic":false}